--
-- PostgreSQL database dump
--

-- Dumped from database version 16.5
-- Dumped by pg_dump version 16.5

-- Started on 2025-11-18 23:45:50

SET statement_timeout = 0;
SET lock_timeout = 0;
SET idle_in_transaction_session_timeout = 0;
SET client_encoding = 'UTF8';
SET standard_conforming_strings = on;
SELECT pg_catalog.set_config('search_path', '', false);
SET check_function_bodies = false;
SET xmloption = content;
SET client_min_messages = warning;
SET row_security = off;

SET default_tablespace = '';

SET default_table_access_method = heap;

--
-- TOC entry 222 (class 1259 OID 26485)
-- Name: auth_group; Type: TABLE; Schema: public; Owner: postgres
--

CREATE TABLE public.auth_group (
    id integer NOT NULL,
    name character varying(150) NOT NULL
);


ALTER TABLE public.auth_group OWNER TO postgres;

--
-- TOC entry 221 (class 1259 OID 26484)
-- Name: auth_group_id_seq; Type: SEQUENCE; Schema: public; Owner: postgres
--

ALTER TABLE public.auth_group ALTER COLUMN id ADD GENERATED BY DEFAULT AS IDENTITY (
    SEQUENCE NAME public.auth_group_id_seq
    START WITH 1
    INCREMENT BY 1
    NO MINVALUE
    NO MAXVALUE
    CACHE 1
);


--
-- TOC entry 224 (class 1259 OID 26493)
-- Name: auth_group_permissions; Type: TABLE; Schema: public; Owner: postgres
--

CREATE TABLE public.auth_group_permissions (
    id bigint NOT NULL,
    group_id integer NOT NULL,
    permission_id integer NOT NULL
);


ALTER TABLE public.auth_group_permissions OWNER TO postgres;

--
-- TOC entry 223 (class 1259 OID 26492)
-- Name: auth_group_permissions_id_seq; Type: SEQUENCE; Schema: public; Owner: postgres
--

ALTER TABLE public.auth_group_permissions ALTER COLUMN id ADD GENERATED BY DEFAULT AS IDENTITY (
    SEQUENCE NAME public.auth_group_permissions_id_seq
    START WITH 1
    INCREMENT BY 1
    NO MINVALUE
    NO MAXVALUE
    CACHE 1
);


--
-- TOC entry 220 (class 1259 OID 26479)
-- Name: auth_permission; Type: TABLE; Schema: public; Owner: postgres
--

CREATE TABLE public.auth_permission (
    id integer NOT NULL,
    name character varying(255) NOT NULL,
    content_type_id integer NOT NULL,
    codename character varying(100) NOT NULL
);


ALTER TABLE public.auth_permission OWNER TO postgres;

--
-- TOC entry 219 (class 1259 OID 26478)
-- Name: auth_permission_id_seq; Type: SEQUENCE; Schema: public; Owner: postgres
--

ALTER TABLE public.auth_permission ALTER COLUMN id ADD GENERATED BY DEFAULT AS IDENTITY (
    SEQUENCE NAME public.auth_permission_id_seq
    START WITH 1
    INCREMENT BY 1
    NO MINVALUE
    NO MAXVALUE
    CACHE 1
);


--
-- TOC entry 226 (class 1259 OID 26499)
-- Name: auth_user; Type: TABLE; Schema: public; Owner: postgres
--

CREATE TABLE public.auth_user (
    id integer NOT NULL,
    password character varying(128) NOT NULL,
    last_login timestamp with time zone,
    is_superuser boolean NOT NULL,
    username character varying(150) NOT NULL,
    first_name character varying(150) NOT NULL,
    last_name character varying(150) NOT NULL,
    email character varying(254) NOT NULL,
    is_staff boolean NOT NULL,
    is_active boolean NOT NULL,
    date_joined timestamp with time zone NOT NULL
);


ALTER TABLE public.auth_user OWNER TO postgres;

--
-- TOC entry 228 (class 1259 OID 26507)
-- Name: auth_user_groups; Type: TABLE; Schema: public; Owner: postgres
--

CREATE TABLE public.auth_user_groups (
    id bigint NOT NULL,
    user_id integer NOT NULL,
    group_id integer NOT NULL
);


ALTER TABLE public.auth_user_groups OWNER TO postgres;

--
-- TOC entry 227 (class 1259 OID 26506)
-- Name: auth_user_groups_id_seq; Type: SEQUENCE; Schema: public; Owner: postgres
--

ALTER TABLE public.auth_user_groups ALTER COLUMN id ADD GENERATED BY DEFAULT AS IDENTITY (
    SEQUENCE NAME public.auth_user_groups_id_seq
    START WITH 1
    INCREMENT BY 1
    NO MINVALUE
    NO MAXVALUE
    CACHE 1
);


--
-- TOC entry 225 (class 1259 OID 26498)
-- Name: auth_user_id_seq; Type: SEQUENCE; Schema: public; Owner: postgres
--

ALTER TABLE public.auth_user ALTER COLUMN id ADD GENERATED BY DEFAULT AS IDENTITY (
    SEQUENCE NAME public.auth_user_id_seq
    START WITH 1
    INCREMENT BY 1
    NO MINVALUE
    NO MAXVALUE
    CACHE 1
);


--
-- TOC entry 230 (class 1259 OID 26513)
-- Name: auth_user_user_permissions; Type: TABLE; Schema: public; Owner: postgres
--

CREATE TABLE public.auth_user_user_permissions (
    id bigint NOT NULL,
    user_id integer NOT NULL,
    permission_id integer NOT NULL
);


ALTER TABLE public.auth_user_user_permissions OWNER TO postgres;

--
-- TOC entry 229 (class 1259 OID 26512)
-- Name: auth_user_user_permissions_id_seq; Type: SEQUENCE; Schema: public; Owner: postgres
--

ALTER TABLE public.auth_user_user_permissions ALTER COLUMN id ADD GENERATED BY DEFAULT AS IDENTITY (
    SEQUENCE NAME public.auth_user_user_permissions_id_seq
    START WITH 1
    INCREMENT BY 1
    NO MINVALUE
    NO MAXVALUE
    CACHE 1
);


--
-- TOC entry 240 (class 1259 OID 26620)
-- Name: desktop_order; Type: TABLE; Schema: public; Owner: postgres
--

CREATE TABLE public.desktop_order (
    id bigint NOT NULL,
    num integer NOT NULL,
    article text NOT NULL,
    "dateCreate" date NOT NULL,
    "dateDelivery" date NOT NULL,
    code integer NOT NULL,
    status character varying(15) NOT NULL,
    location_id bigint NOT NULL,
    client_id bigint NOT NULL
);


ALTER TABLE public.desktop_order OWNER TO postgres;

--
-- TOC entry 239 (class 1259 OID 26619)
-- Name: desktop_order_id_seq; Type: SEQUENCE; Schema: public; Owner: postgres
--

ALTER TABLE public.desktop_order ALTER COLUMN id ADD GENERATED BY DEFAULT AS IDENTITY (
    SEQUENCE NAME public.desktop_order_id_seq
    START WITH 1
    INCREMENT BY 1
    NO MINVALUE
    NO MAXVALUE
    CACHE 1
);


--
-- TOC entry 234 (class 1259 OID 26600)
-- Name: desktop_orderlocation; Type: TABLE; Schema: public; Owner: postgres
--

CREATE TABLE public.desktop_orderlocation (
    id bigint NOT NULL,
    num character varying(50) NOT NULL,
    address character varying(150) NOT NULL
);


ALTER TABLE public.desktop_orderlocation OWNER TO postgres;

--
-- TOC entry 233 (class 1259 OID 26599)
-- Name: desktop_orderlocation_id_seq; Type: SEQUENCE; Schema: public; Owner: postgres
--

ALTER TABLE public.desktop_orderlocation ALTER COLUMN id ADD GENERATED BY DEFAULT AS IDENTITY (
    SEQUENCE NAME public.desktop_orderlocation_id_seq
    START WITH 1
    INCREMENT BY 1
    NO MINVALUE
    NO MAXVALUE
    CACHE 1
);


--
-- TOC entry 236 (class 1259 OID 26606)
-- Name: desktop_product; Type: TABLE; Schema: public; Owner: postgres
--

CREATE TABLE public.desktop_product (
    id bigint NOT NULL,
    article character varying(10) NOT NULL,
    name character varying(50) NOT NULL,
    counter character varying(10) NOT NULL,
    seller character varying(30) NOT NULL,
    creator character varying(20) NOT NULL,
    type character varying(30) NOT NULL,
    discount integer NOT NULL,
    count integer NOT NULL,
    description text,
    image character varying(100),
    price integer NOT NULL
);


ALTER TABLE public.desktop_product OWNER TO postgres;

--
-- TOC entry 235 (class 1259 OID 26605)
-- Name: desktop_product_id_seq; Type: SEQUENCE; Schema: public; Owner: postgres
--

ALTER TABLE public.desktop_product ALTER COLUMN id ADD GENERATED BY DEFAULT AS IDENTITY (
    SEQUENCE NAME public.desktop_product_id_seq
    START WITH 1
    INCREMENT BY 1
    NO MINVALUE
    NO MAXVALUE
    CACHE 1
);


--
-- TOC entry 238 (class 1259 OID 26614)
-- Name: desktop_user; Type: TABLE; Schema: public; Owner: postgres
--

CREATE TABLE public.desktop_user (
    id bigint NOT NULL,
    role character varying(40) NOT NULL,
    surname character varying(50) NOT NULL,
    name character varying(50) NOT NULL,
    patronymic character varying(50) NOT NULL,
    email character varying(50) NOT NULL,
    password character varying(50) NOT NULL
);


ALTER TABLE public.desktop_user OWNER TO postgres;

--
-- TOC entry 237 (class 1259 OID 26613)
-- Name: desktop_user_id_seq; Type: SEQUENCE; Schema: public; Owner: postgres
--

ALTER TABLE public.desktop_user ALTER COLUMN id ADD GENERATED BY DEFAULT AS IDENTITY (
    SEQUENCE NAME public.desktop_user_id_seq
    START WITH 1
    INCREMENT BY 1
    NO MINVALUE
    NO MAXVALUE
    CACHE 1
);


--
-- TOC entry 232 (class 1259 OID 26571)
-- Name: django_admin_log; Type: TABLE; Schema: public; Owner: postgres
--

CREATE TABLE public.django_admin_log (
    id integer NOT NULL,
    action_time timestamp with time zone NOT NULL,
    object_id text,
    object_repr character varying(200) NOT NULL,
    action_flag smallint NOT NULL,
    change_message text NOT NULL,
    content_type_id integer,
    user_id integer NOT NULL,
    CONSTRAINT django_admin_log_action_flag_check CHECK ((action_flag >= 0))
);


ALTER TABLE public.django_admin_log OWNER TO postgres;

--
-- TOC entry 231 (class 1259 OID 26570)
-- Name: django_admin_log_id_seq; Type: SEQUENCE; Schema: public; Owner: postgres
--

ALTER TABLE public.django_admin_log ALTER COLUMN id ADD GENERATED BY DEFAULT AS IDENTITY (
    SEQUENCE NAME public.django_admin_log_id_seq
    START WITH 1
    INCREMENT BY 1
    NO MINVALUE
    NO MAXVALUE
    CACHE 1
);


--
-- TOC entry 218 (class 1259 OID 26471)
-- Name: django_content_type; Type: TABLE; Schema: public; Owner: postgres
--

CREATE TABLE public.django_content_type (
    id integer NOT NULL,
    app_label character varying(100) NOT NULL,
    model character varying(100) NOT NULL
);


ALTER TABLE public.django_content_type OWNER TO postgres;

--
-- TOC entry 217 (class 1259 OID 26470)
-- Name: django_content_type_id_seq; Type: SEQUENCE; Schema: public; Owner: postgres
--

ALTER TABLE public.django_content_type ALTER COLUMN id ADD GENERATED BY DEFAULT AS IDENTITY (
    SEQUENCE NAME public.django_content_type_id_seq
    START WITH 1
    INCREMENT BY 1
    NO MINVALUE
    NO MAXVALUE
    CACHE 1
);


--
-- TOC entry 216 (class 1259 OID 26463)
-- Name: django_migrations; Type: TABLE; Schema: public; Owner: postgres
--

CREATE TABLE public.django_migrations (
    id bigint NOT NULL,
    app character varying(255) NOT NULL,
    name character varying(255) NOT NULL,
    applied timestamp with time zone NOT NULL
);


ALTER TABLE public.django_migrations OWNER TO postgres;

--
-- TOC entry 215 (class 1259 OID 26462)
-- Name: django_migrations_id_seq; Type: SEQUENCE; Schema: public; Owner: postgres
--

ALTER TABLE public.django_migrations ALTER COLUMN id ADD GENERATED BY DEFAULT AS IDENTITY (
    SEQUENCE NAME public.django_migrations_id_seq
    START WITH 1
    INCREMENT BY 1
    NO MINVALUE
    NO MAXVALUE
    CACHE 1
);


--
-- TOC entry 241 (class 1259 OID 26639)
-- Name: django_session; Type: TABLE; Schema: public; Owner: postgres
--

CREATE TABLE public.django_session (
    session_key character varying(40) NOT NULL,
    session_data text NOT NULL,
    expire_date timestamp with time zone NOT NULL
);


ALTER TABLE public.django_session OWNER TO postgres;

--
-- TOC entry 4917 (class 0 OID 26485)
-- Dependencies: 222
-- Data for Name: auth_group; Type: TABLE DATA; Schema: public; Owner: postgres
--

COPY public.auth_group (id, name) FROM stdin;
\.


--
-- TOC entry 4919 (class 0 OID 26493)
-- Dependencies: 224
-- Data for Name: auth_group_permissions; Type: TABLE DATA; Schema: public; Owner: postgres
--

COPY public.auth_group_permissions (id, group_id, permission_id) FROM stdin;
\.


--
-- TOC entry 4915 (class 0 OID 26479)
-- Dependencies: 220
-- Data for Name: auth_permission; Type: TABLE DATA; Schema: public; Owner: postgres
--

COPY public.auth_permission (id, name, content_type_id, codename) FROM stdin;
1	Can add log entry	1	add_logentry
2	Can change log entry	1	change_logentry
3	Can delete log entry	1	delete_logentry
4	Can view log entry	1	view_logentry
5	Can add permission	2	add_permission
6	Can change permission	2	change_permission
7	Can delete permission	2	delete_permission
8	Can view permission	2	view_permission
9	Can add group	3	add_group
10	Can change group	3	change_group
11	Can delete group	3	delete_group
12	Can view group	3	view_group
13	Can add user	4	add_user
14	Can change user	4	change_user
15	Can delete user	4	delete_user
16	Can view user	4	view_user
17	Can add content type	5	add_contenttype
18	Can change content type	5	change_contenttype
19	Can delete content type	5	delete_contenttype
20	Can view content type	5	view_contenttype
21	Can add session	6	add_session
22	Can change session	6	change_session
23	Can delete session	6	delete_session
24	Can view session	6	view_session
25	Can add order location	7	add_orderlocation
26	Can change order location	7	change_orderlocation
27	Can delete order location	7	delete_orderlocation
28	Can view order location	7	view_orderlocation
29	Can add product	8	add_product
30	Can change product	8	change_product
31	Can delete product	8	delete_product
32	Can view product	8	view_product
33	Can add user	9	add_user
34	Can change user	9	change_user
35	Can delete user	9	delete_user
36	Can view user	9	view_user
37	Can add order	10	add_order
38	Can change order	10	change_order
39	Can delete order	10	delete_order
40	Can view order	10	view_order
\.


--
-- TOC entry 4921 (class 0 OID 26499)
-- Dependencies: 226
-- Data for Name: auth_user; Type: TABLE DATA; Schema: public; Owner: postgres
--

COPY public.auth_user (id, password, last_login, is_superuser, username, first_name, last_name, email, is_staff, is_active, date_joined) FROM stdin;
1	pbkdf2_sha256$1000000$h4qe3hCkpb04rypileyeiX$PN4vJD/BxUcMmkmkKhXFEa6APoKpz19uZPQidXCEcE4=	2025-11-18 23:34:03.163471+04	t	admin				t	t	2025-11-18 23:24:18.781502+04
\.


--
-- TOC entry 4923 (class 0 OID 26507)
-- Dependencies: 228
-- Data for Name: auth_user_groups; Type: TABLE DATA; Schema: public; Owner: postgres
--

COPY public.auth_user_groups (id, user_id, group_id) FROM stdin;
\.


--
-- TOC entry 4925 (class 0 OID 26513)
-- Dependencies: 230
-- Data for Name: auth_user_user_permissions; Type: TABLE DATA; Schema: public; Owner: postgres
--

COPY public.auth_user_user_permissions (id, user_id, permission_id) FROM stdin;
\.


--
-- TOC entry 4935 (class 0 OID 26620)
-- Dependencies: 240
-- Data for Name: desktop_order; Type: TABLE DATA; Schema: public; Owner: postgres
--

COPY public.desktop_order (id, num, article, "dateCreate", "dateDelivery", code, status, location_id, client_id) FROM stdin;
1	1	А112Т4, 2, F635R4, 2	2025-02-27	2025-04-20	901	Завершен	1	4
2	2	H782T5, 1, G783F5, 1	2022-09-28	2025-04-21	902	Завершен	11	1
3	3	J384T6, 10, D572U8, 10	2025-03-21	2025-04-22	903	Завершен	2	2
4	4	F572H7, 5, D329H3, 4	2025-02-20	2025-04-03	904	Завершен	11	3
5	5	А112Т4, 2, F635R4, 2	2025-03-17	2025-04-24	905	Завершен	2	4
6	6	H782T5, 1, G783F5, 1	2025-03-01	2025-04-25	906	Завершен	15	1
7	7	J384T6, 10, D572U8, 10	2025-02-27	2025-04-26	907	Завершен	3	2
8	8	F572H7, 5, D329H3, 4	2025-03-31	2025-04-27	908	Новый	19	3
9	9	B320R5, 5, G432E4, 1	2025-04-02	2025-04-28	909	Новый	5	4
10	10	S213E3, 5, E482R4, 5	2025-04-03	2025-04-29	910	Завершен	19	4
\.


--
-- TOC entry 4929 (class 0 OID 26600)
-- Dependencies: 234
-- Data for Name: desktop_orderlocation; Type: TABLE DATA; Schema: public; Owner: postgres
--

COPY public.desktop_orderlocation (id, num, address) FROM stdin;
1	125061	 г. Лесной  ул. Подгорная 8
2	630370	 г. Лесной  ул. Шоссейная 24
3	400562	 г. Лесной  ул. Зеленая 32
4	614510	 г. Лесной  ул. Маяковского 47
5	410542	 г. Лесной  ул. Светлая 46
6	620839	 г. Лесной  ул. Цветочная 8
7	443890	 г. Лесной  ул. Коммунистическая 1
8	603379	 г. Лесной  ул. Спортивная 46
9	603721	 г. Лесной  ул. Гоголя 41
10	410172	 г. Лесной  ул. Северная 13
11	614611	 г. Лесной  ул. Молодежная 50
12	454311	 г.Лесной  ул. Новая 19
13	660007	 г.Лесной  ул. Октябрьская 19
14	603036	 г. Лесной  ул. Садовая 4
15	394060	 г.Лесной  ул. Фрунзе 43
16	410661	 г. Лесной  ул. Школьная 50
17	625590	 г. Лесной  ул. Коммунистическая 20
18	625683	 г. Лесной  ул. 8 Марта 
19	450983	 г.Лесной  ул. Комсомольская 26
20	394782	 г. Лесной  ул. Чехова 3
21	603002	 г. Лесной  ул. Дзержинского 28
22	450558	 г. Лесной  ул. Набережная 30
23	344288	 г. Лесной  ул. Чехова 1
24	614164	 г.Лесной   ул. Степная 30
25	394242	 г. Лесной  ул. Коммунистическая 43
26	660540	 г. Лесной  ул. Солнечная 25
27	125837	 г. Лесной  ул. Шоссейная 40
28	125703	 г. Лесной  ул. Партизанская 49
29	625283	 г. Лесной  ул. Победы 46
30	614753	 г. Лесной  ул. Полевая 35
31	426030	 г. Лесной  ул. Маяковского 44
32	450375	 г. Лесной ул. Клубная 44 
33	625560	 г. Лесной  ул. Некрасова 12
34	630201	 г. Лесной  ул. Комсомольская 17
35	190949	 г. Лесной  ул. Мичурина 26
\.


--
-- TOC entry 4931 (class 0 OID 26606)
-- Dependencies: 236
-- Data for Name: desktop_product; Type: TABLE DATA; Schema: public; Owner: postgres
--

COPY public.desktop_product (id, article, name, counter, seller, creator, type, discount, count, description, image, price) FROM stdin;
1	А112Т4	Ботинки	шт.	Kari	Kari	Женская обувь	3	6	Женские Ботинки демисезонные kari	1.jpg	4990
2	F635R4	Ботинки	шт.	Обувь для вас	Marco Tozzi	Женская обувь	2	13	Ботинки Marco Tozzi женские демисезонные, размер 39, цвет бежевый	2.jpg	3244
3	H782T5	Туфли	шт.	Kari	Kari	Мужская обувь	4	5	Туфли kari мужские классика MYZ21AW-450A, размер 43, цвет: черный	3.jpg	4499
4	G783F5	Ботинки	шт.	Kari	Рос	Мужская обувь	2	8	Мужские ботинки Рос-Обувь кожаные с натуральным мехом	4.jpg	5900
5	J384T6	Ботинки	шт.	Обувь для вас	Rieker	Мужская обувь	2	16	B3430/14 Полуботинки мужские Rieker	5.jpg	3800
6	D572U8	Кроссовки	шт.	Обувь для вас	Рос	Мужская обувь	3	6	129615-4 Кроссовки мужские	6.jpg	4100
7	F572H7	Туфли	шт.	Kari	Marco Tozzi	Женская обувь	2	14	Туфли Marco Tozzi женские летние, размер 39, цвет черный	7.jpg	2700
8	D329H3	Полуботинки	шт.	Обувь для вас	Alessio Nesca	Женская обувь	4	4	Полуботинки Alessio Nesca женские 3-30797-47, размер 37, цвет: бордовый	8.jpg	1890
9	B320R5	Туфли	шт.	Kari	Rieker	Женская обувь	2	6	Туфли Rieker женские демисезонные, размер 41, цвет коричневый	9.jpg	4300
10	G432E4	Туфли	шт.	Kari	Kari	Женская обувь	3	15	Туфли kari женские TR-YR-413017, размер 37, цвет: черный	10.jpg	2800
11	S213E3	Полуботинки	шт.	Обувь для вас	CROSBY	Мужская обувь	3	6	407700/01-01 Полуботинки мужские CROSBY	\N	2156
12	E482R4	Полуботинки	шт.	Kari	Kari	Женская обувь	2	14	Полуботинки kari женские MYZ20S-149, размер 41, цвет: черный	\N	1800
13	S634B5	Кеды	шт.	Обувь для вас	CROSBY	Мужская обувь	3	0	Кеды Caprice мужские демисезонные, размер 42, цвет черный	\N	5500
14	K345R4	Полуботинки	шт.	Обувь для вас	CROSBY	Мужская обувь	2	3	407700/01-02 Полуботинки мужские CROSBY	\N	2100
15	O754F4	Туфли	шт.	Обувь для вас	Rieker	Женская обувь	4	18	Туфли женские демисезонные Rieker артикул 55073-68/37	\N	5400
16	G531F4	Ботинки	шт.	Kari	Kari	Женская обувь	12	9	Ботинки женские зимние ROMER арт. 893167-01 Черный	\N	6600
17	J542F5	Тапочки	шт.	Kari	Kari	Мужская обувь	13	0	Тапочки мужские Арт.70701-55-67син р.41	\N	500
18	B431R5	Ботинки	шт.	Обувь для вас	Rieker	Мужская обувь	2	5	Мужские кожаные ботинки/мужские ботинки	\N	2700
19	P764G4	Туфли	шт.	Kari	CROSBY	Женская обувь	15	15	Туфли женские, ARGO, размер 38	\N	6800
20	C436G5	Ботинки	шт.	Kari	Alessio Nesca	Женская обувь	15	9	Ботинки женские, ARGO, размер 40	\N	10200
21	F427R5	Ботинки	шт.	Обувь для вас	Rieker	Женская обувь	15	11	Ботинки на молнии с декоративной пряжкой FRAU	\N	11800
22	N457T5	Полуботинки	шт.	Kari	CROSBY	Женская обувь	3	13	Полуботинки Ботинки черные зимние, мех	\N	4600
23	D364R4	Туфли	шт.	Kari	Kari	Женская обувь	16	5	Туфли Luiza Belly женские Kate-lazo черные из натуральной замши	\N	12400
24	S326R5	Тапочки	шт.	Обувь для вас	CROSBY	Мужская обувь	17	15	Мужские кожаные тапочки Профиль С.Дали 	\N	9900
25	L754R4	Полуботинки	шт.	Kari	Kari	Женская обувь	2	7	Полуботинки kari женские WB2020SS-26, размер 38, цвет: черный	\N	1700
26	M542T5	Кроссовки	шт.	Обувь для вас	Rieker	Мужская обувь	18	3	Кроссовки мужские TOFA	\N	2800
27	D268G5	Туфли	шт.	Обувь для вас	Rieker	Женская обувь	3	12	Туфли Rieker женские демисезонные, размер 36, цвет коричневый	\N	4399
28	T324F5	Сапоги	шт.	Kari	CROSBY	Женская обувь	2	5	Сапоги замша Цвет: синий	\N	4699
29	K358H6	Тапочки	шт.	Kari	Rieker	Мужская обувь	20	2	Тапочки мужские син р.41	\N	599
30	H535R5	Ботинки	шт.	Обувь для вас	Rieker	Женская обувь	2	7	Женские Ботинки демисезонные	\N	2300
\.


--
-- TOC entry 4933 (class 0 OID 26614)
-- Dependencies: 238
-- Data for Name: desktop_user; Type: TABLE DATA; Schema: public; Owner: postgres
--

COPY public.desktop_user (id, role, surname, name, patronymic, email, password) FROM stdin;
1	Администратор	Никифорова	Весения	Николаевна	94d5ous@gmail.com	uzWC67
2	Администратор	Сазонов	Руслан	Германович	uth4iz@mail.com	2L6KZG
3	Администратор	Одинцов	Серафим	Артёмович	yzls62@outlook.com	JlFRCZ
4	Менеджер	Степанов	Михаил	Артёмович	1diph5e@tutanota.com	8ntwUp
5	Менеджер	Ворсин	Петр	Евгеньевич	tjde7c@yahoo.com	YOyhfR
6	Менеджер	Старикова	Елена	Павловна	wpmrc3do@tutanota.com	RSbvHv
7	Авторизированный клиент	Михайлюк	Анна	Вячеславовна	5d4zbu@tutanota.com	rwVDh9
8	Авторизированный клиент	Ситдикова	Елена	Анатольевна	ptec8ym@yahoo.com	LdNyos
9	Авторизированный клиент	Ворсин	Петр	Евгеньевич	1qz4kw@mail.com	gynQMT
10	Авторизированный клиент	Старикова	Елена	Павловна	4np6se@mail.com	AtnDjr
\.


--
-- TOC entry 4927 (class 0 OID 26571)
-- Dependencies: 232
-- Data for Name: django_admin_log; Type: TABLE DATA; Schema: public; Owner: postgres
--

COPY public.django_admin_log (id, action_time, object_id, object_repr, action_flag, change_message, content_type_id, user_id) FROM stdin;
1	2025-11-18 23:35:55.396115+04	1	Order object (1)	1	[{"added": {}}]	10	1
2	2025-11-18 23:36:33.600155+04	2	Order object (2)	1	[{"added": {}}]	10	1
3	2025-11-18 23:37:21.009173+04	3	Order object (3)	1	[{"added": {}}]	10	1
4	2025-11-18 23:38:03.746259+04	4	Order object (4)	1	[{"added": {}}]	10	1
5	2025-11-18 23:38:37.742562+04	5	Order object (5)	1	[{"added": {}}]	10	1
6	2025-11-18 23:39:14.561946+04	6	Order object (6)	1	[{"added": {}}]	10	1
7	2025-11-18 23:40:04.309874+04	7	Order object (7)	1	[{"added": {}}]	10	1
8	2025-11-18 23:40:41.295692+04	8	Order object (8)	1	[{"added": {}}]	10	1
9	2025-11-18 23:41:14.155886+04	9	Order object (9)	1	[{"added": {}}]	10	1
10	2025-11-18 23:41:48.448619+04	10	Order object (10)	1	[{"added": {}}]	10	1
\.


--
-- TOC entry 4913 (class 0 OID 26471)
-- Dependencies: 218
-- Data for Name: django_content_type; Type: TABLE DATA; Schema: public; Owner: postgres
--

COPY public.django_content_type (id, app_label, model) FROM stdin;
1	admin	logentry
2	auth	permission
3	auth	group
4	auth	user
5	contenttypes	contenttype
6	sessions	session
7	desktop	orderlocation
8	desktop	product
9	desktop	user
10	desktop	order
\.


--
-- TOC entry 4911 (class 0 OID 26463)
-- Dependencies: 216
-- Data for Name: django_migrations; Type: TABLE DATA; Schema: public; Owner: postgres
--

COPY public.django_migrations (id, app, name, applied) FROM stdin;
1	contenttypes	0001_initial	2025-11-18 23:23:59.977356+04
2	auth	0001_initial	2025-11-18 23:24:00.080224+04
3	admin	0001_initial	2025-11-18 23:24:00.109224+04
4	admin	0002_logentry_remove_auto_add	2025-11-18 23:24:00.138223+04
5	admin	0003_logentry_add_action_flag_choices	2025-11-18 23:24:00.144809+04
6	contenttypes	0002_remove_content_type_name	2025-11-18 23:24:00.15981+04
7	auth	0002_alter_permission_name_max_length	2025-11-18 23:24:00.167243+04
8	auth	0003_alter_user_email_max_length	2025-11-18 23:24:00.174244+04
9	auth	0004_alter_user_username_opts	2025-11-18 23:24:00.182242+04
10	auth	0005_alter_user_last_login_null	2025-11-18 23:24:00.189241+04
11	auth	0006_require_contenttypes_0002	2025-11-18 23:24:00.190243+04
12	auth	0007_alter_validators_add_error_messages	2025-11-18 23:24:00.198903+04
13	auth	0008_alter_user_username_max_length	2025-11-18 23:24:00.216905+04
14	auth	0009_alter_user_last_name_max_length	2025-11-18 23:24:00.225905+04
15	auth	0010_alter_group_name_max_length	2025-11-18 23:24:00.23391+04
16	auth	0011_update_proxy_permissions	2025-11-18 23:24:00.241487+04
17	auth	0012_alter_user_first_name_max_length	2025-11-18 23:24:00.248486+04
18	desktop	0001_initial	2025-11-18 23:24:00.293161+04
19	sessions	0001_initial	2025-11-18 23:24:00.308165+04
20	desktop	0002_product_image_alter_product_description	2025-11-18 23:29:24.715963+04
21	desktop	0003_product_price	2025-11-18 23:31:28.59802+04
\.


--
-- TOC entry 4936 (class 0 OID 26639)
-- Dependencies: 241
-- Data for Name: django_session; Type: TABLE DATA; Schema: public; Owner: postgres
--

COPY public.django_session (session_key, session_data, expire_date) FROM stdin;
rdkmoz2hyusafknyo9m91kh5330567bl	.eJxVjEEOwiAQRe_C2hBgoBKX7j0DGWYGqRqalHbVeHdt0oVu_3vvbyrhutS0dpnTyOqirDr9bhnpKW0H_MB2nzRNbZnHrHdFH7Tr28Tyuh7u30HFXr81gSmA3gWmSORDCVYGi-KhsPUxe-doQAKJEqMxnjifAbiQIwwgQb0_9MM4fQ:1vLRSl:MFZ-ygGF8v_zIKc0whEwe69LpNARMmDHPbp8TugHKTw	2025-12-02 23:34:03.167312+04
\.


--
-- TOC entry 4942 (class 0 OID 0)
-- Dependencies: 221
-- Name: auth_group_id_seq; Type: SEQUENCE SET; Schema: public; Owner: postgres
--

SELECT pg_catalog.setval('public.auth_group_id_seq', 1, false);


--
-- TOC entry 4943 (class 0 OID 0)
-- Dependencies: 223
-- Name: auth_group_permissions_id_seq; Type: SEQUENCE SET; Schema: public; Owner: postgres
--

SELECT pg_catalog.setval('public.auth_group_permissions_id_seq', 1, false);


--
-- TOC entry 4944 (class 0 OID 0)
-- Dependencies: 219
-- Name: auth_permission_id_seq; Type: SEQUENCE SET; Schema: public; Owner: postgres
--

SELECT pg_catalog.setval('public.auth_permission_id_seq', 40, true);


--
-- TOC entry 4945 (class 0 OID 0)
-- Dependencies: 227
-- Name: auth_user_groups_id_seq; Type: SEQUENCE SET; Schema: public; Owner: postgres
--

SELECT pg_catalog.setval('public.auth_user_groups_id_seq', 1, false);


--
-- TOC entry 4946 (class 0 OID 0)
-- Dependencies: 225
-- Name: auth_user_id_seq; Type: SEQUENCE SET; Schema: public; Owner: postgres
--

SELECT pg_catalog.setval('public.auth_user_id_seq', 1, true);


--
-- TOC entry 4947 (class 0 OID 0)
-- Dependencies: 229
-- Name: auth_user_user_permissions_id_seq; Type: SEQUENCE SET; Schema: public; Owner: postgres
--

SELECT pg_catalog.setval('public.auth_user_user_permissions_id_seq', 1, false);


--
-- TOC entry 4948 (class 0 OID 0)
-- Dependencies: 239
-- Name: desktop_order_id_seq; Type: SEQUENCE SET; Schema: public; Owner: postgres
--

SELECT pg_catalog.setval('public.desktop_order_id_seq', 10, true);


--
-- TOC entry 4949 (class 0 OID 0)
-- Dependencies: 233
-- Name: desktop_orderlocation_id_seq; Type: SEQUENCE SET; Schema: public; Owner: postgres
--

SELECT pg_catalog.setval('public.desktop_orderlocation_id_seq', 35, true);


--
-- TOC entry 4950 (class 0 OID 0)
-- Dependencies: 235
-- Name: desktop_product_id_seq; Type: SEQUENCE SET; Schema: public; Owner: postgres
--

SELECT pg_catalog.setval('public.desktop_product_id_seq', 30, true);


--
-- TOC entry 4951 (class 0 OID 0)
-- Dependencies: 237
-- Name: desktop_user_id_seq; Type: SEQUENCE SET; Schema: public; Owner: postgres
--

SELECT pg_catalog.setval('public.desktop_user_id_seq', 10, true);


--
-- TOC entry 4952 (class 0 OID 0)
-- Dependencies: 231
-- Name: django_admin_log_id_seq; Type: SEQUENCE SET; Schema: public; Owner: postgres
--

SELECT pg_catalog.setval('public.django_admin_log_id_seq', 10, true);


--
-- TOC entry 4953 (class 0 OID 0)
-- Dependencies: 217
-- Name: django_content_type_id_seq; Type: SEQUENCE SET; Schema: public; Owner: postgres
--

SELECT pg_catalog.setval('public.django_content_type_id_seq', 10, true);


--
-- TOC entry 4954 (class 0 OID 0)
-- Dependencies: 215
-- Name: django_migrations_id_seq; Type: SEQUENCE SET; Schema: public; Owner: postgres
--

SELECT pg_catalog.setval('public.django_migrations_id_seq', 21, true);


--
-- TOC entry 4712 (class 2606 OID 26597)
-- Name: auth_group auth_group_name_key; Type: CONSTRAINT; Schema: public; Owner: postgres
--

ALTER TABLE ONLY public.auth_group
    ADD CONSTRAINT auth_group_name_key UNIQUE (name);


--
-- TOC entry 4717 (class 2606 OID 26528)
-- Name: auth_group_permissions auth_group_permissions_group_id_permission_id_0cd325b0_uniq; Type: CONSTRAINT; Schema: public; Owner: postgres
--

ALTER TABLE ONLY public.auth_group_permissions
    ADD CONSTRAINT auth_group_permissions_group_id_permission_id_0cd325b0_uniq UNIQUE (group_id, permission_id);


--
-- TOC entry 4720 (class 2606 OID 26497)
-- Name: auth_group_permissions auth_group_permissions_pkey; Type: CONSTRAINT; Schema: public; Owner: postgres
--

ALTER TABLE ONLY public.auth_group_permissions
    ADD CONSTRAINT auth_group_permissions_pkey PRIMARY KEY (id);


--
-- TOC entry 4714 (class 2606 OID 26489)
-- Name: auth_group auth_group_pkey; Type: CONSTRAINT; Schema: public; Owner: postgres
--

ALTER TABLE ONLY public.auth_group
    ADD CONSTRAINT auth_group_pkey PRIMARY KEY (id);


--
-- TOC entry 4707 (class 2606 OID 26519)
-- Name: auth_permission auth_permission_content_type_id_codename_01ab375a_uniq; Type: CONSTRAINT; Schema: public; Owner: postgres
--

ALTER TABLE ONLY public.auth_permission
    ADD CONSTRAINT auth_permission_content_type_id_codename_01ab375a_uniq UNIQUE (content_type_id, codename);


--
-- TOC entry 4709 (class 2606 OID 26483)
-- Name: auth_permission auth_permission_pkey; Type: CONSTRAINT; Schema: public; Owner: postgres
--

ALTER TABLE ONLY public.auth_permission
    ADD CONSTRAINT auth_permission_pkey PRIMARY KEY (id);


--
-- TOC entry 4728 (class 2606 OID 26511)
-- Name: auth_user_groups auth_user_groups_pkey; Type: CONSTRAINT; Schema: public; Owner: postgres
--

ALTER TABLE ONLY public.auth_user_groups
    ADD CONSTRAINT auth_user_groups_pkey PRIMARY KEY (id);


--
-- TOC entry 4731 (class 2606 OID 26543)
-- Name: auth_user_groups auth_user_groups_user_id_group_id_94350c0c_uniq; Type: CONSTRAINT; Schema: public; Owner: postgres
--

ALTER TABLE ONLY public.auth_user_groups
    ADD CONSTRAINT auth_user_groups_user_id_group_id_94350c0c_uniq UNIQUE (user_id, group_id);


--
-- TOC entry 4722 (class 2606 OID 26503)
-- Name: auth_user auth_user_pkey; Type: CONSTRAINT; Schema: public; Owner: postgres
--

ALTER TABLE ONLY public.auth_user
    ADD CONSTRAINT auth_user_pkey PRIMARY KEY (id);


--
-- TOC entry 4734 (class 2606 OID 26517)
-- Name: auth_user_user_permissions auth_user_user_permissions_pkey; Type: CONSTRAINT; Schema: public; Owner: postgres
--

ALTER TABLE ONLY public.auth_user_user_permissions
    ADD CONSTRAINT auth_user_user_permissions_pkey PRIMARY KEY (id);


--
-- TOC entry 4737 (class 2606 OID 26557)
-- Name: auth_user_user_permissions auth_user_user_permissions_user_id_permission_id_14a6b632_uniq; Type: CONSTRAINT; Schema: public; Owner: postgres
--

ALTER TABLE ONLY public.auth_user_user_permissions
    ADD CONSTRAINT auth_user_user_permissions_user_id_permission_id_14a6b632_uniq UNIQUE (user_id, permission_id);


--
-- TOC entry 4725 (class 2606 OID 26592)
-- Name: auth_user auth_user_username_key; Type: CONSTRAINT; Schema: public; Owner: postgres
--

ALTER TABLE ONLY public.auth_user
    ADD CONSTRAINT auth_user_username_key UNIQUE (username);


--
-- TOC entry 4751 (class 2606 OID 26626)
-- Name: desktop_order desktop_order_pkey; Type: CONSTRAINT; Schema: public; Owner: postgres
--

ALTER TABLE ONLY public.desktop_order
    ADD CONSTRAINT desktop_order_pkey PRIMARY KEY (id);


--
-- TOC entry 4743 (class 2606 OID 26604)
-- Name: desktop_orderlocation desktop_orderlocation_pkey; Type: CONSTRAINT; Schema: public; Owner: postgres
--

ALTER TABLE ONLY public.desktop_orderlocation
    ADD CONSTRAINT desktop_orderlocation_pkey PRIMARY KEY (id);


--
-- TOC entry 4745 (class 2606 OID 26612)
-- Name: desktop_product desktop_product_pkey; Type: CONSTRAINT; Schema: public; Owner: postgres
--

ALTER TABLE ONLY public.desktop_product
    ADD CONSTRAINT desktop_product_pkey PRIMARY KEY (id);


--
-- TOC entry 4747 (class 2606 OID 26618)
-- Name: desktop_user desktop_user_pkey; Type: CONSTRAINT; Schema: public; Owner: postgres
--

ALTER TABLE ONLY public.desktop_user
    ADD CONSTRAINT desktop_user_pkey PRIMARY KEY (id);


--
-- TOC entry 4740 (class 2606 OID 26578)
-- Name: django_admin_log django_admin_log_pkey; Type: CONSTRAINT; Schema: public; Owner: postgres
--

ALTER TABLE ONLY public.django_admin_log
    ADD CONSTRAINT django_admin_log_pkey PRIMARY KEY (id);


--
-- TOC entry 4702 (class 2606 OID 26477)
-- Name: django_content_type django_content_type_app_label_model_76bd3d3b_uniq; Type: CONSTRAINT; Schema: public; Owner: postgres
--

ALTER TABLE ONLY public.django_content_type
    ADD CONSTRAINT django_content_type_app_label_model_76bd3d3b_uniq UNIQUE (app_label, model);


--
-- TOC entry 4704 (class 2606 OID 26475)
-- Name: django_content_type django_content_type_pkey; Type: CONSTRAINT; Schema: public; Owner: postgres
--

ALTER TABLE ONLY public.django_content_type
    ADD CONSTRAINT django_content_type_pkey PRIMARY KEY (id);


--
-- TOC entry 4700 (class 2606 OID 26469)
-- Name: django_migrations django_migrations_pkey; Type: CONSTRAINT; Schema: public; Owner: postgres
--

ALTER TABLE ONLY public.django_migrations
    ADD CONSTRAINT django_migrations_pkey PRIMARY KEY (id);


--
-- TOC entry 4754 (class 2606 OID 26645)
-- Name: django_session django_session_pkey; Type: CONSTRAINT; Schema: public; Owner: postgres
--

ALTER TABLE ONLY public.django_session
    ADD CONSTRAINT django_session_pkey PRIMARY KEY (session_key);


--
-- TOC entry 4710 (class 1259 OID 26598)
-- Name: auth_group_name_a6ea08ec_like; Type: INDEX; Schema: public; Owner: postgres
--

CREATE INDEX auth_group_name_a6ea08ec_like ON public.auth_group USING btree (name varchar_pattern_ops);


--
-- TOC entry 4715 (class 1259 OID 26539)
-- Name: auth_group_permissions_group_id_b120cbf9; Type: INDEX; Schema: public; Owner: postgres
--

CREATE INDEX auth_group_permissions_group_id_b120cbf9 ON public.auth_group_permissions USING btree (group_id);


--
-- TOC entry 4718 (class 1259 OID 26540)
-- Name: auth_group_permissions_permission_id_84c5c92e; Type: INDEX; Schema: public; Owner: postgres
--

CREATE INDEX auth_group_permissions_permission_id_84c5c92e ON public.auth_group_permissions USING btree (permission_id);


--
-- TOC entry 4705 (class 1259 OID 26525)
-- Name: auth_permission_content_type_id_2f476e4b; Type: INDEX; Schema: public; Owner: postgres
--

CREATE INDEX auth_permission_content_type_id_2f476e4b ON public.auth_permission USING btree (content_type_id);


--
-- TOC entry 4726 (class 1259 OID 26555)
-- Name: auth_user_groups_group_id_97559544; Type: INDEX; Schema: public; Owner: postgres
--

CREATE INDEX auth_user_groups_group_id_97559544 ON public.auth_user_groups USING btree (group_id);


--
-- TOC entry 4729 (class 1259 OID 26554)
-- Name: auth_user_groups_user_id_6a12ed8b; Type: INDEX; Schema: public; Owner: postgres
--

CREATE INDEX auth_user_groups_user_id_6a12ed8b ON public.auth_user_groups USING btree (user_id);


--
-- TOC entry 4732 (class 1259 OID 26569)
-- Name: auth_user_user_permissions_permission_id_1fbb5f2c; Type: INDEX; Schema: public; Owner: postgres
--

CREATE INDEX auth_user_user_permissions_permission_id_1fbb5f2c ON public.auth_user_user_permissions USING btree (permission_id);


--
-- TOC entry 4735 (class 1259 OID 26568)
-- Name: auth_user_user_permissions_user_id_a95ead1b; Type: INDEX; Schema: public; Owner: postgres
--

CREATE INDEX auth_user_user_permissions_user_id_a95ead1b ON public.auth_user_user_permissions USING btree (user_id);


--
-- TOC entry 4723 (class 1259 OID 26593)
-- Name: auth_user_username_6821ab7c_like; Type: INDEX; Schema: public; Owner: postgres
--

CREATE INDEX auth_user_username_6821ab7c_like ON public.auth_user USING btree (username varchar_pattern_ops);


--
-- TOC entry 4748 (class 1259 OID 26638)
-- Name: desktop_order_client_id_d4c67c87; Type: INDEX; Schema: public; Owner: postgres
--

CREATE INDEX desktop_order_client_id_d4c67c87 ON public.desktop_order USING btree (client_id);


--
-- TOC entry 4749 (class 1259 OID 26637)
-- Name: desktop_order_location_id_f575c29b; Type: INDEX; Schema: public; Owner: postgres
--

CREATE INDEX desktop_order_location_id_f575c29b ON public.desktop_order USING btree (location_id);


--
-- TOC entry 4738 (class 1259 OID 26589)
-- Name: django_admin_log_content_type_id_c4bce8eb; Type: INDEX; Schema: public; Owner: postgres
--

CREATE INDEX django_admin_log_content_type_id_c4bce8eb ON public.django_admin_log USING btree (content_type_id);


--
-- TOC entry 4741 (class 1259 OID 26590)
-- Name: django_admin_log_user_id_c564eba6; Type: INDEX; Schema: public; Owner: postgres
--

CREATE INDEX django_admin_log_user_id_c564eba6 ON public.django_admin_log USING btree (user_id);


--
-- TOC entry 4752 (class 1259 OID 26647)
-- Name: django_session_expire_date_a5c62663; Type: INDEX; Schema: public; Owner: postgres
--

CREATE INDEX django_session_expire_date_a5c62663 ON public.django_session USING btree (expire_date);


--
-- TOC entry 4755 (class 1259 OID 26646)
-- Name: django_session_session_key_c0390e0f_like; Type: INDEX; Schema: public; Owner: postgres
--

CREATE INDEX django_session_session_key_c0390e0f_like ON public.django_session USING btree (session_key varchar_pattern_ops);


--
-- TOC entry 4757 (class 2606 OID 26534)
-- Name: auth_group_permissions auth_group_permissio_permission_id_84c5c92e_fk_auth_perm; Type: FK CONSTRAINT; Schema: public; Owner: postgres
--

ALTER TABLE ONLY public.auth_group_permissions
    ADD CONSTRAINT auth_group_permissio_permission_id_84c5c92e_fk_auth_perm FOREIGN KEY (permission_id) REFERENCES public.auth_permission(id) DEFERRABLE INITIALLY DEFERRED;


--
-- TOC entry 4758 (class 2606 OID 26529)
-- Name: auth_group_permissions auth_group_permissions_group_id_b120cbf9_fk_auth_group_id; Type: FK CONSTRAINT; Schema: public; Owner: postgres
--

ALTER TABLE ONLY public.auth_group_permissions
    ADD CONSTRAINT auth_group_permissions_group_id_b120cbf9_fk_auth_group_id FOREIGN KEY (group_id) REFERENCES public.auth_group(id) DEFERRABLE INITIALLY DEFERRED;


--
-- TOC entry 4756 (class 2606 OID 26520)
-- Name: auth_permission auth_permission_content_type_id_2f476e4b_fk_django_co; Type: FK CONSTRAINT; Schema: public; Owner: postgres
--

ALTER TABLE ONLY public.auth_permission
    ADD CONSTRAINT auth_permission_content_type_id_2f476e4b_fk_django_co FOREIGN KEY (content_type_id) REFERENCES public.django_content_type(id) DEFERRABLE INITIALLY DEFERRED;


--
-- TOC entry 4759 (class 2606 OID 26549)
-- Name: auth_user_groups auth_user_groups_group_id_97559544_fk_auth_group_id; Type: FK CONSTRAINT; Schema: public; Owner: postgres
--

ALTER TABLE ONLY public.auth_user_groups
    ADD CONSTRAINT auth_user_groups_group_id_97559544_fk_auth_group_id FOREIGN KEY (group_id) REFERENCES public.auth_group(id) DEFERRABLE INITIALLY DEFERRED;


--
-- TOC entry 4760 (class 2606 OID 26544)
-- Name: auth_user_groups auth_user_groups_user_id_6a12ed8b_fk_auth_user_id; Type: FK CONSTRAINT; Schema: public; Owner: postgres
--

ALTER TABLE ONLY public.auth_user_groups
    ADD CONSTRAINT auth_user_groups_user_id_6a12ed8b_fk_auth_user_id FOREIGN KEY (user_id) REFERENCES public.auth_user(id) DEFERRABLE INITIALLY DEFERRED;


--
-- TOC entry 4761 (class 2606 OID 26563)
-- Name: auth_user_user_permissions auth_user_user_permi_permission_id_1fbb5f2c_fk_auth_perm; Type: FK CONSTRAINT; Schema: public; Owner: postgres
--

ALTER TABLE ONLY public.auth_user_user_permissions
    ADD CONSTRAINT auth_user_user_permi_permission_id_1fbb5f2c_fk_auth_perm FOREIGN KEY (permission_id) REFERENCES public.auth_permission(id) DEFERRABLE INITIALLY DEFERRED;


--
-- TOC entry 4762 (class 2606 OID 26558)
-- Name: auth_user_user_permissions auth_user_user_permissions_user_id_a95ead1b_fk_auth_user_id; Type: FK CONSTRAINT; Schema: public; Owner: postgres
--

ALTER TABLE ONLY public.auth_user_user_permissions
    ADD CONSTRAINT auth_user_user_permissions_user_id_a95ead1b_fk_auth_user_id FOREIGN KEY (user_id) REFERENCES public.auth_user(id) DEFERRABLE INITIALLY DEFERRED;


--
-- TOC entry 4765 (class 2606 OID 26632)
-- Name: desktop_order desktop_order_client_id_d4c67c87_fk_desktop_user_id; Type: FK CONSTRAINT; Schema: public; Owner: postgres
--

ALTER TABLE ONLY public.desktop_order
    ADD CONSTRAINT desktop_order_client_id_d4c67c87_fk_desktop_user_id FOREIGN KEY (client_id) REFERENCES public.desktop_user(id) DEFERRABLE INITIALLY DEFERRED;


--
-- TOC entry 4766 (class 2606 OID 26627)
-- Name: desktop_order desktop_order_location_id_f575c29b_fk_desktop_orderlocation_id; Type: FK CONSTRAINT; Schema: public; Owner: postgres
--

ALTER TABLE ONLY public.desktop_order
    ADD CONSTRAINT desktop_order_location_id_f575c29b_fk_desktop_orderlocation_id FOREIGN KEY (location_id) REFERENCES public.desktop_orderlocation(id) DEFERRABLE INITIALLY DEFERRED;


--
-- TOC entry 4763 (class 2606 OID 26579)
-- Name: django_admin_log django_admin_log_content_type_id_c4bce8eb_fk_django_co; Type: FK CONSTRAINT; Schema: public; Owner: postgres
--

ALTER TABLE ONLY public.django_admin_log
    ADD CONSTRAINT django_admin_log_content_type_id_c4bce8eb_fk_django_co FOREIGN KEY (content_type_id) REFERENCES public.django_content_type(id) DEFERRABLE INITIALLY DEFERRED;


--
-- TOC entry 4764 (class 2606 OID 26584)
-- Name: django_admin_log django_admin_log_user_id_c564eba6_fk_auth_user_id; Type: FK CONSTRAINT; Schema: public; Owner: postgres
--

ALTER TABLE ONLY public.django_admin_log
    ADD CONSTRAINT django_admin_log_user_id_c564eba6_fk_auth_user_id FOREIGN KEY (user_id) REFERENCES public.auth_user(id) DEFERRABLE INITIALLY DEFERRED;


-- Completed on 2025-11-18 23:45:50

--
-- PostgreSQL database dump complete
--

